method,accuracy,precision_macro,recall_macro,f1_macro,precision_weighted,recall_weighted,f1_weighted,valid_samples,total_samples
zero_shot,0.8,0.6647727272727273,0.7788461538461539,0.6875,0.8772727272727273,0.8,0.825,30,30
few_shot,0.8333333333333334,0.6925465838509317,0.7980769230769231,0.7217068645640075,0.886128364389234,0.8333333333333334,0.8509585652442795,30,30
chain_of_thought,0.8666666666666667,0.7291666666666667,0.8173076923076923,0.76,0.8972222222222223,0.8666666666666667,0.8773333333333333,30,30
